title,link,company
New Graduate Software Developer,https://uk.linkedin.com/jobs/view/new-graduate-software-developer-at-de-kernwaarden-3523454900?refId=YmRqB3duwDKvXBQ%2Fa16ljw%3D%3D&trackingId=MAygNTKSs5knH7X11hVS4w%3D%3D&position=1&pageNum=0&trk=public_jobs_jserp-result_search-card,De Kernwaarden
Trainee Web Developer,https://uk.linkedin.com/jobs/view/trainee-web-developer-at-nuyew-tech-academy-3527018076?refId=YmRqB3duwDKvXBQ%2Fa16ljw%3D%3D&trackingId=cjcyXlgfoyeND%2F6EQRV1rQ%3D%3D&position=2&pageNum=0&trk=public_jobs_jserp-result_search-card,Nuyew Tech Academy
Software Developer / Data Scientist,https://uk.linkedin.com/jobs/view/software-developer-data-scientist-at-university-of-strathclyde-3532092864?refId=YmRqB3duwDKvXBQ%2Fa16ljw%3D%3D&trackingId=qGea5TpEE0BjKiXgCk691g%3D%3D&position=3&pageNum=0&trk=public_jobs_jserp-result_search-card,University of Strathclyde
Junior Web/Software Developer,https://uk.linkedin.com/jobs/view/junior-web-software-developer-at-glasgow-2014-limited-3518046946?refId=YmRqB3duwDKvXBQ%2Fa16ljw%3D%3D&trackingId=UWAgkwwv7ODs6x5RvbgyOA%3D%3D&position=4&pageNum=0&trk=public_jobs_jserp-result_search-card,Glasgow 2014 Limited
Junior Software Engineer,https://uk.linkedin.com/jobs/view/junior-software-engineer-at-contract-scotland-3540083449?refId=YmRqB3duwDKvXBQ%2Fa16ljw%3D%3D&trackingId=QyboZ9KhaYOfDlYAHZZu9Q%3D%3D&position=5&pageNum=0&trk=public_jobs_jserp-result_search-card,Contract Scotland
Software Developer,https://uk.linkedin.com/jobs/view/software-developer-at-lisle-corporation-3523408090?refId=YmRqB3duwDKvXBQ%2Fa16ljw%3D%3D&trackingId=Qj52NwP%2Fq3652pIjBtD%2FBw%3D%3D&position=6&pageNum=0&trk=public_jobs_jserp-result_search-card,Lisle Corporation
Software Engineer,https://uk.linkedin.com/jobs/view/software-engineer-at-accentis-limited-3542174336?refId=YmRqB3duwDKvXBQ%2Fa16ljw%3D%3D&trackingId=wavFTp00VzkkRAay%2BKXGlA%3D%3D&position=7&pageNum=0&trk=public_jobs_jserp-result_search-card,Accentis Limited
Java Developer (Contract),https://uk.linkedin.com/jobs/view/java-developer-contract-at-tamosoft-ltd-3552446035?refId=YmRqB3duwDKvXBQ%2Fa16ljw%3D%3D&trackingId=wtZDaY8g3pvtnN8aMdV5Wg%3D%3D&position=8&pageNum=0&trk=public_jobs_jserp-result_search-card,TamoSoft Ltd
Trainee Web Developer,https://uk.linkedin.com/jobs/view/trainee-web-developer-at-it-career-switch-3532836528?refId=YmRqB3duwDKvXBQ%2Fa16ljw%3D%3D&trackingId=1kSwo1WyWNDo6u06Iqr%2Bqg%3D%3D&position=9&pageNum=0&trk=public_jobs_jserp-result_search-card,IT Career Switch
Software Developer (Platform Engineering),https://uk.linkedin.com/jobs/view/software-developer-platform-engineering-at-smarter-grid-solutions-3523294292?refId=YmRqB3duwDKvXBQ%2Fa16ljw%3D%3D&trackingId=9VJ%2Bgx2QNu%2FnDMlrcUpkJA%3D%3D&position=10&pageNum=0&trk=public_jobs_jserp-result_search-card,Smarter Grid Solutions
Backend Engineer,https://uk.linkedin.com/jobs/view/backend-engineer-at-arceptive-3514324358?refId=YmRqB3duwDKvXBQ%2Fa16ljw%3D%3D&trackingId=cvJvAvNdK49mrT01mwOs1g%3D%3D&position=11&pageNum=0&trk=public_jobs_jserp-result_search-card,Arceptive
Frontend Engineer,https://uk.linkedin.com/jobs/view/frontend-engineer-at-arceptive-3505330472?refId=YmRqB3duwDKvXBQ%2Fa16ljw%3D%3D&trackingId=Fiyjq2p%2BBUZqzXC8e1xCrA%3D%3D&position=12&pageNum=0&trk=public_jobs_jserp-result_search-card,Arceptive
Front End Developer,https://uk.linkedin.com/jobs/view/front-end-developer-at-itison-3506799358?refId=YmRqB3duwDKvXBQ%2Fa16ljw%3D%3D&trackingId=Wh%2BrVahUHFf4BBKgbiAanQ%3D%3D&position=13&pageNum=0&trk=public_jobs_jserp-result_search-card,itison
Python Developer,https://uk.linkedin.com/jobs/view/python-developer-at-ampstek-3308150953?refId=YmRqB3duwDKvXBQ%2Fa16ljw%3D%3D&trackingId=2qKxkL3QjmBUmZMrIdQh8g%3D%3D&position=14&pageNum=0&trk=public_jobs_jserp-result_search-card,Ampstek
Software Engineer,https://uk.linkedin.com/jobs/view/software-engineer-at-john-goddard-associates-3523406330?refId=YmRqB3duwDKvXBQ%2Fa16ljw%3D%3D&trackingId=XnFE%2BDSFX07DPNFQmYLQZQ%3D%3D&position=15&pageNum=0&trk=public_jobs_jserp-result_search-card,John Goddard Associates
Software Engineer,https://uk.linkedin.com/jobs/view/software-engineer-at-bennett-game-recruitment-limited-3542535426?refId=YmRqB3duwDKvXBQ%2Fa16ljw%3D%3D&trackingId=ubfrbCAK62DzNDbR3YAyfQ%3D%3D&position=16&pageNum=0&trk=public_jobs_jserp-result_search-card,Bennett & Game Recruitment Limited
Engineer - Software & Controls,https://uk.linkedin.com/jobs/view/engineer-software-controls-at-alexander-dennis-3539710250?refId=YmRqB3duwDKvXBQ%2Fa16ljw%3D%3D&trackingId=cUwId4nPicfw1%2BFRZR9msg%3D%3D&position=17&pageNum=0&trk=public_jobs_jserp-result_search-card,Alexander Dennis
Graduate Software Developer,https://uk.linkedin.com/jobs/view/graduate-software-developer-at-fdm-group-3548208102?refId=YmRqB3duwDKvXBQ%2Fa16ljw%3D%3D&trackingId=UD3YzBy5o6%2B5%2BaAFBi%2Fa9A%3D%3D&position=18&pageNum=0&trk=public_jobs_jserp-result_search-card,FDM Group
IT Engineer,https://uk.linkedin.com/jobs/view/it-engineer-at-careeraddict-3554309167?refId=YmRqB3duwDKvXBQ%2Fa16ljw%3D%3D&trackingId=GqnqDlVE5rfjR3bMvb56Tw%3D%3D&position=19&pageNum=0&trk=public_jobs_jserp-result_search-card,CareerAddict
Software Developer - SAAS,https://uk.linkedin.com/jobs/view/software-developer-saas-at-tamosoft-ltd-3549910349?refId=YmRqB3duwDKvXBQ%2Fa16ljw%3D%3D&trackingId=MNMvlZNXO8vdKga0vlP4yg%3D%3D&position=20&pageNum=0&trk=public_jobs_jserp-result_search-card,TamoSoft Ltd
IT Engineer,https://uk.linkedin.com/jobs/view/it-engineer-at-scot-jcb-ltd-3551521114?refId=YmRqB3duwDKvXBQ%2Fa16ljw%3D%3D&trackingId=cO2Sqj4VOH68Fa0TpfNLRQ%3D%3D&position=21&pageNum=0&trk=public_jobs_jserp-result_search-card,Scot JCB Ltd
Accolite : Java Graduate Programme 2023,https://uk.linkedin.com/jobs/view/accolite-java-graduate-programme-2023-at-generation-success-3473338854?refId=YmRqB3duwDKvXBQ%2Fa16ljw%3D%3D&trackingId=zxVWwU2oyDuqk6lyVnzjSA%3D%3D&position=22&pageNum=0&trk=public_jobs_jserp-result_search-card,Generation Success
Trainee Cloud Engineer,https://uk.linkedin.com/jobs/view/trainee-cloud-engineer-at-nuyew-tech-academy-3552009298?refId=YmRqB3duwDKvXBQ%2Fa16ljw%3D%3D&trackingId=ZKZ9NlOWcw8YJt97Q5AO7w%3D%3D&position=23&pageNum=0&trk=public_jobs_jserp-result_search-card,Nuyew Tech Academy
Software Engineer,https://uk.linkedin.com/jobs/view/software-engineer-at-psi-talent-3540366393?refId=YmRqB3duwDKvXBQ%2Fa16ljw%3D%3D&trackingId=DGnZIH5MPE3Wa3%2BEgK%2BXZQ%3D%3D&position=24&pageNum=0&trk=public_jobs_jserp-result_search-card,PSi Talent
.Net and Azure Developer,https://uk.linkedin.com/jobs/view/net-and-azure-developer-at-screenmedia-3556939444?refId=YmRqB3duwDKvXBQ%2Fa16ljw%3D%3D&trackingId=tqe9A6dpUXj2SgjVGzYe6A%3D%3D&position=25&pageNum=0&trk=public_jobs_jserp-result_search-card,Screenmedia
